# Bảng partition chung cho mọi example — flash 4MB, 2 slot OTA, KHÔNG có factory.
#
# Vì sao không dùng CONFIG_PARTITION_TABLE_TWO_OTA có sẵn: bảng đó chia 4MB thành
# factory + ota_0 + ota_1, mỗi slot 1MB. SDK (NimBLE + TLS + WebSocket + HTTPS
# OTA) là ~1,3MB → không vừa. Bỏ factory (OTA + rollback không cần nó) → mỗi
# slot 1,875MB, còn dư ~600KB cho firmware sản phẩm.
#
# Flash 8MB/16MB: tăng Size của ota_0/ota_1 và CONFIG_ESPTOOLPY_FLASHSIZE.
# Name,   Type, SubType, Offset,   Size
nvs,      data, nvs,     0x9000,   0x6000
otadata,  data, ota,     0xf000,   0x2000
phy_init, data, phy,     0x11000,  0x1000
ota_0,    app,  ota_0,   0x20000,  0x1E0000
ota_1,    app,  ota_1,   0x200000, 0x1E0000
